{
  "clasificacion_temporal_2026": {
    "accuracy": 0.939376890076658,
    "auc": 0.9908324480442207,
    "recall": 0.9516908212560387,
    "f1": 0.9223842967765172
  },
  "regresion_temporal_2026": {
    "mae": 152.6512608029193,
    "rmse": 253.64772019354928,
    "r2": 0.9325919608947382
  },
  "classes_": [
    "Admitido",
    "No admitido"
  ]
}