{
  "clasificacion_temporal_2026": {
    "accuracy": 0.9504184541810254,
    "auc": 0.9911123007479238,
    "recall": 0.9301374953548867,
    "f1": 0.9342166651115051
  },
  "regresion_temporal_2026": {
    "mae": 152.6512608029193,
    "rmse": 253.64772019354928,
    "r2": 0.9325919608947382
  },
  "classes_": [
    "Admitido",
    "No admitido"
  ],
  "calibracion_clasificador": "sigmoid (Platt), cv=5"
}